Fri Nov  7 02:00:28 UTC 2025
Sun Nov  9 01:57:50 UTC 2025
Sun Nov  9 01:59:34 UTC 2025
Sun Nov  9 02:00:57 UTC 2025
Sun Nov  9 02:02:01 UTC 2025
Sun Nov  9 02:03:26 UTC 2025
Mon Nov 10 01:59:10 UTC 2025
Wed Nov 12 01:54:51 UTC 2025
Wed Nov 12 01:56:28 UTC 2025
Wed Nov 12 01:57:53 UTC 2025
Thu Nov 13 01:56:15 UTC 2025
Thu Nov 13 01:58:15 UTC 2025
Thu Nov 13 01:59:38 UTC 2025
Fri Nov 14 01:55:29 UTC 2025
Sat Nov 15 01:51:05 UTC 2025
Sat Nov 15 01:52:20 UTC 2025
Sun Nov 16 02:00:45 UTC 2025
Sun Nov 16 02:02:32 UTC 2025
Sun Nov 16 02:04:00 UTC 2025
Sun Nov 16 02:05:47 UTC 2025
Sun Nov 16 02:07:29 UTC 2025
Sun Nov 16 02:09:30 UTC 2025
Tue Nov 18 01:54:55 UTC 2025
